,PopEst_2019,GEOID
0,21336,17051
1,28618,17107
2,23491,17165
3,696535,17097
4,13772,17127
5,12147,17017
6,36520,18069
7,24102,18181
8,20436,18075
9,44729,18145
10,20669,18153
11,195732,18157
12,338011,18057
13,83779,18005
14,19974,18049
15,47744,18113
16,118302,18019
17,170311,18063
18,65769,18053
19,44231,18071
20,20799,18119
21,33964,18183
22,32399,18023
23,7054,18161
24,49458,18029
25,45370,18093
26,19169,18123
27,25427,18129
28,20257,18015
29,16346,18045
30,22995,18149
31,31922,18055
32,25645,19011
33,97311,19061
34,6619,19151
35,7044,19177
36,3602,19003
37,5496,19009
38,9000,19051
39,6860,19093
40,7707,19135
41,34855,19167
42,9668,19025
43,42450,19033
44,16846,19083
45,8600,19117
46,8886,19147
47,19954,19087
48,37185,19099
49,18504,19157
50,17549,19043
51,25062,19017
52,9208,19063
53,10630,19081
54,19439,19097
55,33657,19111
56,51466,19181
57,22095,19123
58,16016,19041
59,17011,19055
60,11164,13005
61,19109,13025
62,16700,13017
63,22383,13033
64,67580,13047
65,10907,13053
66,24789,13055
67,156714,13073
68,26404,13087
69,98498,13115
70,244252,13117
71,45328,13137
72,26205,13147
73,117406,13185
74,14378,13191
75,21167,13199
76,27578,13207
77,22119,13237
78,29524,13261
79,1537,13265
80,5254,13301
81,6441,19185
82,172943,19163
83,5917,20181
84,7777,20193
85,5620,20127
86,4920,20163
87,1994,20025
88,5436,20077
89,33195,20111
90,6414,20145
91,1700,20033
92,2636,20063
93,34429,20079
94,3838,20093
95,28542,20113
96,11361,05041
97,12477,05049
98,13202,05061
99,99386,05051
100,40651,05093
101,64072,05115
102,8062,05117
103,38682,05139
104,6320,05147
105,24919,05023
106,7956,05025
107,16719,05067
108,21532,05057
109,17442,05135
110,12506,05137
111,239187,05143
112,41932,05005
113,19657,05003
114,110332,05031
115,45325,05055
116,10455,05105
117,23528,05111
118,17007,05133
119,5189,05013
120,22320,05019
121,16406,05075
122,6701,05095
123,20846,05029
124,7753,05101
125,17486,05001
126,73309,05085
127,28380,05015
128,24994,05123
129,391911,05119
130,277680,06047
131,17203,06043
132,8841,06049
133,1153526,06013
134,18039,06027
135,550660,06099
136,446499,06083
137,65084,06103
138,14444,06051
139,62808,06069
140,39627,13029
141,24936,13035
142,54666,13039
143,12404,13079
144,10190,13099
145,43273,13069
146,148509,13077
147,31369,13123
148,94593,13297
149,9777,13317
150,20605,13091
151,57963,13129
152,258773,13057
153,114421,13113
154,29992,13177
155,32591,13227
156,18324,13133
157,17270,13075
158,26108,13085
159,1063937,13121
160,201513,15001
161,974563,15003
162,72293,15007
163,86,15005
164,24030,16031
165,5366,16063
166,11392,16085
167,13876,16041
168,40408,16069
169,165697,16055
170,21039,16067
171,86878,16083
172,23021,16013
173,7831,16015
174,2597,16023
175,15179,16047
176,481587,16001
177,6125,16007
178,46811,16011
179,1106,16025
180,8756,16035
181,29871,16051
182,382067,41039
183,6422,51181
184,14619,51043
185,30587,51117
186,75558,51015
187,23753,51075
188,13261,51113
189,94186,51161
190,16231,51025
191,11710,51131
192,22573,51163
193,3981,51720
194,17370,51570
195,6280,51021
196,33419,51023
197,16762,51520
198,14954,51830
199,29791,51035
200,1552058,06067
201,192843,06017
202,434061,06053
203,881549,06075
204,3338330,06073
205,466195,06107
206,135558,06023
207,1129,06003
208,157327,06039
209,273213,06087
210,12285,06105
211,2470546,06065
212,2180085,06071
213,258826,06041
214,398329,06061
215,180080,06089
216,447643,06095
217,21547,06011
218,28065,28029
219,231840,28049
220,28815,28145
221,22015,28139
222,74897,28035
223,54019,28071
224,58595,28087
225,8630,28157
226,11128,28065
227,28124,28123
228,29690,28163
229,30628,28011
230,39288,28113
231,18336,28131
232,9742,28069
233,25110,28133
234,30693,28001
235,184945,28033
236,566747,42045
237,73447,42111
238,12088,29123
239,20563,29217
240,22092,29147
241,7426,29041
242,12873,29223
243,38280,29201
244,11754,29011
245,14349,29039
246,14706,29073
247,15117,29121
248,10529,29149
249,17894,29186
250,13185,29067
251,21824,29083
252,38355,29109
253,52607,29169
254,25398,29215
255,44743,29027
256,17709,29053
257,6571,29075
258,53740,51191
259,23902,51139
260,159428,51510
261,134510,51650
262,236842,51013
263,21004,51027
264,152882,51179
265,230436,51760
266,10953,51057
267,40595,51185
268,17478,51685
269,11159,51183
270,41085,51683
271,25301,51775
272,11880,51037
273,11336,51081
274,290536,53067
275,3985,53013
276,17623,72059
277,21712,72121
278,15518,72067
279,27395,72141
280,11317,72054
281,34891,72099
282,27128,72123
283,13180,29133
284,9174,29153
285,12133,29017
286,191283,47165
287,11284,47169
288,7615,47027
289,14501,17139
290,15561,17149
291,4177,17151
292,259686,17163
293,21634,17173
294,209689,17019
295,4739,17013
296,12961,17053
297,532403,17089
298,128990,17093
299,6578,17009
300,37205,17121
301,13359,17125
302,27114,17075
303,13184,17025
304,4828,17059
305,34637,17133
306,16653,17181
307,282572,17201
308,5335,17153
309,6768,17169
310,17161,17045
311,53544,17007
312,32628,17011
313,50621,17029
314,18667,17033
315,5739,17155
316,15638,17039
317,34096,17103
318,44926,17117
319,15513,17159
320,13887,17189
321,601592,41067
322,40224,41007
323,4447,42023
324,628270,42017
325,369318,42077
326,38438,42031
327,36233,42059
328,317417,42079
329,64964,42037
330,43425,42065
331,46272,42099
332,6066,42113
333,164292,44003
334,125577,44009
335,38440,45071
336,33745,45027
337,106721,45085
338,20866,45011
339,66618,45031
340,280979,45091
341,57300,45021
342,30073,45053
343,16828,45061
344,24527,45001
345,3781,46085
346,4351,46039
347,28393,06021
348,219186,06007
349,152940,06031
350,18807,06063
351,283111,06079
352,999101,06019
353,900202,06029
354,3175692,06059
355,846006,06111
356,45905,06009
357,96971,06101
358,766573,06081
359,54478,06109
360,762148,06077
361,39752,06005
362,4265,08095
363,14029,08007
364,727211,08031
365,1406,08061
366,6897,08055
367,3581,08009
368,6243,08047
369,7097,08063
370,17462,08051
371,769,08079
372,4952,08091
373,2248,08115
374,324492,08123
375,5068,08027
376,3887,08023
377,351154,08035
378,8127,08065
379,56221,08067
380,17767,08097
381,11267,08105
382,5577,08011
383,6061,08025
384,728,08111
385,356899,08069
386,22409,08075
387,8179,08113
388,25388,08119
389,26729,08039
390,14506,08071
391,5701,08073
392,31011,08117
393,16233,08003
394,31162,08029
395,47839,08043
396,42758,08085
397,29068,08087
398,6824,08109
399,12172,08099
400,4908,08121
401,15734,08049
402,18278,08089
403,70465,08014
404,234225,10005
405,705749,11001
406,854757,09009
407,891720,09003
408,937166,47157
409,28117,47077
410,54495,47089
411,15026,47153
412,27767,47017
413,694144,47037
414,8076,47135
415,12422,47121
416,17304,47075
417,208993,47125
418,13427,47061
419,36004,47029
420,20490,47041
421,12268,47101
422,30069,47131
423,61599,47167
424,37159,47045
425,367804,47065
426,16832,47139
427,27345,47185
428,158348,47163
429,30999,36095
430,53383,36035
431,158714,36083
432,50022,36033
433,2253858,36081
434,61204,36115
435,1628706,36061
436,76576,36011
437,325789,36087
438,209281,36063
439,36885,36031
440,1356924,36059
441,17807,36097
442,47207,36017
443,109834,36045
444,1476601,36103
445,39859,36121
446,117124,36075
447,89918,36117
448,190488,36007
449,820,08053
450,918702,36029
451,75432,36105
452,384940,36071
453,62317,37087
454,382295,37067
455,485493,18089
456,38338,18107
457,35777,18001
458,23102,18041
459,26225,18021
460,42736,18037
461,22758,18047
462,78168,18059
463,82544,18067
464,5875,18115
465,16937,18121
466,24665,18135
467,8748,18007
468,15092,18013
469,37576,18133
470,28036,18175
471,33351,18027
472,47972,18065
473,36594,18083
474,129569,18095
475,12389,18125
476,12353,18131
477,34594,18151
478,99500,56021
479,23464,56039
480,28859,48407
481,41753,48459
482,55246,48473
483,51070,48493
484,23021,48219
485,176832,48329
486,21795,48299
487,35514,48147
488,229211,48041
489,21492,48165
490,21886,48179
491,8935,48237
492,18685,48035
493,2003554,48029
494,3509,48023
495,887207,48121
496,342139,48167
497,854,48393
498,26741,48463
499,93245,48037
500,762,48263
501,9128,48425
502,57602,48199
503,17404,48289
504,13595,48351
505,15976,48389
506,1273954,48453
507,2920,48087
508,42698,48143
509,1200,48345
510,8175,48083
511,51584,48325
512,82737,48213
513,49859,48277
514,4337,48267
515,35882,48477
516,9366,48429
517,18705,48003
518,20837,48177
519,5951,48305
520,14179,48505
521,61643,48221
522,272,48269
523,52646,48073
524,5331,48119
525,20083,48253
526,116782,09015
527,265206,09011
528,162436,09007
529,150721,09013
530,943332,09001
531,25473,12133
532,957755,12031
533,28201,12007
534,601942,12009
535,219252,12019
536,8422,12067
537,367118,12069
538,88625,12089
539,974996,12103
540,724777,12105
541,328297,12111
542,13811,12043
543,42022,12051
544,159923,12061
545,46414,12063
546,264672,12109
547,471826,12117
548,174705,12005
549,115081,12035
550,13639,12045
551,8354,12077
552,375751,12097
553,74071,12131
554,45660,12039
555,14246,12065
556,365579,12083
557,26937,12049
558,42168,12093
559,1393452,12095
560,18582,12041
561,44417,12121
562,269043,12001
563,14105,12013
564,188910,12015
565,16826,12029
566,161000,12085
567,433742,12115
568,403253,12081
569,149657,12017
570,29210,12003
571,184313,12113
572,293582,12073
573,1952778,12011
574,74228,12087
575,193920,12053
576,1471968,12057
577,21569,12123
578,33739,12129
579,21312,13189
580,19276,13211
581,11923,13149
582,87956,13095
583,26188,13111
584,157863,13153
585,47546,13175
586,66703,13255
587,15860,13271
588,8265,18171
589,15498,18165
590,28296,18179
591,379299,18003
592,26559,18031
593,114135,18035
594,78522,18043
595,32308,18077
596,27735,18079
597,158167,18081
598,35516,18103
599,70489,18109
600,33659,18051
601,13984,18111
602,19646,18117
603,271826,18141
604,79456,18085
605,46258,18099
606,10751,18155
607,181451,18163
608,11758,18009
609,23873,18143
610,148431,18105
611,206341,18039
612,10577,18025
613,37689,18017
614,964582,18097
615,65884,18177
616,14439,19023
617,6960,19071
618,14773,19079
619,6121,19173
620,12241,19175
621,7381,19195
622,4894,19159
623,7152,19001
624,11933,19037
625,9395,19039
626,17258,19059
627,151140,19103
628,10246,19107
629,16854,19171
630,34969,19179
631,10070,19069
632,20165,19027
633,18627,19031
634,15642,19067
635,8888,19073
636,11035,19115
637,11755,19119
638,24511,13291
639,32722,37017
640,69473,37031
641,18947,37015
642,22440,37117
643,13463,37143
644,91010,37157
645,10867,37029
646,224529,37071
647,100880,37125
648,62806,37167
649,18069,37199
650,74470,37037
651,209339,37101
652,39490,37145
653,27203,37009
654,55949,37107
655,197938,37133
656,67029,37161
657,37667,37197
658,90485,37023
659,8036,38097
660,4872,38021
661,67641,38101
662,6801,38067
663,2499,38041
664,181923,38017
665,3241,38029
666,16177,38077
667,2216,38001
668,2287,38027
669,8187,38057
670,5218,38073
671,4230,38085
672,1761,38033
673,2189,38095
674,2264,38023
675,3898,38081
676,22907,39105
677,38885,39021
678,168937,39057
679,59463,39087
680,14508,39115
681,21772,39175
682,74266,39043
683,45672,39091
684,541013,39153
685,8027,16059
686,23951,16075
687,9298,16009
688,45739,16017
689,845,16033
690,4315,16037
691,27511,16039
692,13099,16043
693,39907,16065
694,12882,16079
695,16667,16049
696,12142,16081
697,7681,16077
698,10194,16087
699,17708,17067
700,262966,17119
701,51054,17063
702,109862,17091
703,15437,17131
704,922921,17043
705,5761,17003
706,12196,17129
707,108669,17099
708,5150233,17031
709,104009,17115
710,44498,17177
711,16215,17191
712,38459,17203
713,38469,17055
714,29682,17109
715,307774,17111
716,1232,20071
717,28553,20051
718,9703,20107
719,21428,20175
720,602401,20091
721,34237,20121
722,3138,20207
723,2750,20135
724,14534,20011
725,2475,20097
726,176875,20177
727,3250,20019
728,61998,20155
729,7600,20043
730,3968,20081
731,4823,20171
732,9564,20013
733,5234,20147
734,2827,20039
735,17666,21079
736,93584,21037
737,7517,21063
738,14398,21123
739,21933,21167
740,17923,21207
741,12095,21229
742,44249,21009
743,8722,21091
744,110958,21093
745,9207,21149
746,12359,21197
747,12747,21033
748,46718,21019
749,323152,21067
750,22188,21115
751,13309,21175
752,64979,21199
753,19202,21001
754,12630,21025
755,19035,21099
756,8471,21223
757,4380,21105
758,8210,21143
759,13275,21135
760,26734,21239
761,9877,21131
762,15317,21127
763,65418,21145
764,5297,46015
765,4185,46053
766,193134,46099
767,3736,46025
768,4939,46077
769,14070,46027
770,5892,46041
771,17526,46065
772,2344,46111
773,3191,46059
774,22814,46135
775,18453,46005
776,19775,46035
777,2013,46073
778,3098,46117
779,2153,46107
780,9292,46023
781,4935,46091
782,2865,46105
783,36264,21235
784,35589,21071
785,166998,21117
786,12161,21153
787,24460,21205
788,25769,21217
789,4760,21039
790,14106,21065
791,129648,22079
792,134758,22105
793,10830,22123
794,9918,22021
795,6861,22035
796,33395,22039
797,47244,22087
798,26465,22121
799,8442,22081
800,38158,22069
801,9494,22025
802,20015,22041
803,21891,22007
804,59511,22113
805,19259,22029
806,57975,23017
807,152148,23019
808,108277,23001
809,295003,23005
810,207641,23031
811,50484,23025
812,52276,24047
813,37181,24041
814,212990,25001
815,124944,25003
816,521202,25023
817,706775,25021
818,11399,25019
819,118081,26005
820,9108,26003
821,26467,26127
822,30950,26035
823,69872,26073
824,52245,26157
825,28405,26007
826,83156,26111
827,8241,26135
828,79595,26037
829,40711,26057
830,98451,26091
831,63888,26117
832,159128,26147
833,367601,26161
834,51787,26027
835,24019,26143
836,43517,26023
837,158510,26075
838,873972,26099
839,8209,26013
840,110268,26045
841,26320,13293
842,20374,13303
843,30798,13311
844,27546,13225
845,168667,13223
846,19465,13229
847,18962,13231
848,202518,13245
849,13966,13251
850,25286,13267
851,19397,13019
852,28414,17135
853,55175,17195
854,65435,17001
855,37562,17027
856,104897,17037
857,6395,17047
858,9610,17079
859,37684,17081
860,75758,17183
861,690743,17197
862,66597,17199
863,15441,17023
864,19465,17041
865,34008,17049
866,34340,17057
867,12969,17061
868,8116,17065
869,3821,17069
870,48913,17073
871,12417,17087
872,49699,17095
873,35648,17105
874,4951,17171
875,131803,17179
876,16844,17187
877,40515,18061
878,109888,18091
879,30996,18169
880,33562,18073
881,10255,18101
882,170389,18127
883,28324,18137
884,20277,18147
885,15148,18159
886,107038,18167
887,62998,18173
888,43475,18033
889,39614,18087
890,16581,18139
891,67843,18011
892,13975,26053
893,23222,27093
894,66972,27131
895,4055,27125
896,64222,27027
897,21067,27045
898,31364,27119
899,14865,27143
900,10897,27165
901,4991,27011
902,29779,27021
903,21491,27057
904,19683,27091
905,21629,27105
906,97238,27141
907,105089,27019
908,35893,27085
909,550321,27123
910,50484,27169
911,20934,27039
912,65055,27035
913,138377,27171
914,5639,27081
915,26277,27095
916,35871,27017
917,16337,27065
918,89512,01115
919,83768,01043
920,105882,01069
921,209355,01125
922,52342,01031
923,44428,01021
924,10663,01037
925,102268,01055
926,13805,01075
927,19448,01013
928,63521,01127
929,8111,01063
930,10101,01011
931,33254,01017
932,2530,02100
933,31974,02110
934,5230,02290
935,2097,02068
936,2148,02105
937,2502,02275
938,1047279,04019
939,54018,04007
940,125922,04003
941,71887,04001
942,213787,04027
943,110924,04017
944,14551,05021
945,18219,05043
946,17958,05121
947,37432,05009
948,13024,05079
949,47955,05035
950,126007,05045
951,69761,13295
952,936250,13135
953,83240,13013
954,13392,13049
955,6618,13065
956,107738,13015
957,146343,13097
958,24633,13131
959,8457,13141
960,104628,13313
961,12947,13193
962,69922,13285
963,35236,13145
964,5257,13249
965,20247,13321
966,13390,13093
967,10654,13109
968,2607,13307
969,64296,13103
970,2971,13125
971,2299,13239
972,289430,13051
973,9643,13167
974,10423,13173
975,29880,13195
976,21863,13205
977,40644,13277
978,42613,13233
979,6195,13263
980,8531,13273
981,44451,13275
982,8954,13319
983,15259,13221
984,6778,13243
985,35734,13299
986,29927,13305
987,8635,13315
988,44890,13009
989,79608,13031
990,2834,13061
991,4006,13101
992,759297,13089
993,29792,13143
994,15362,13163
995,7921,13181
996,40096,13213
997,11137,13235
998,17137,13241
999,12037,13281
1000,6901,13283
1001,9416,13155
1002,18386,13001
1003,48590,39149
1004,36692,39171
1005,101883,39029
1006,42126,39051
1007,29898,39053
1008,228683,39099
1009,75314,39145
1010,35328,39117
1011,16694,05089
1012,7881,05129
1013,279141,05007
1014,33771,05059
1015,16576,05087
1016,2055,08033
1017,1392,08057
1018,26183,08083
1019,326196,08013
1020,10019,08125
1021,25638,08107
1022,9700,08019
1023,168424,08101
1024,18845,08093
1025,154210,08077
1026,720403,08041
1027,656590,08005
1028,558753,10003
1029,180786,10001
1030,180333,09005
1031,1496770,12099
1032,2716940,12086
1033,12125,12037
1034,14428,12047
1035,132420,12119
1036,19617,12059
1037,770577,12071
1038,384902,12021
1039,553947,12101
1040,106221,12055
1041,38001,12027
1042,71686,12023
1043,74521,12107
1044,15237,12125
1045,41503,12075
1046,553284,12127
1047,18493,12079
1048,318316,12033
1049,210738,12091
1050,33610,13187
1051,5718,13201
1052,40280,13219
1053,234561,13151
1054,19559,13183
1055,25925,13257
1056,15115,13161
1057,6189,13037
1058,153159,13021
1059,8359,13197
1060,12873,13023
1061,23349,13119
1062,19077,13171
1063,22646,13107
1064,14219,13159
1065,61435,13179
1066,8090,13253
1067,8120,13289
1068,8020,13269
1069,26830,13279
1070,40882,39135
1071,102351,39003
1072,41494,39033
1073,38875,39059
1074,41172,39107
1075,134083,39023
1076,309833,39093
1077,531687,39113
1078,234602,39165
1079,97241,39007
1080,43538,40071
1081,14142,40035
1082,148306,40017
1083,10073,40077
1084,19983,40139
1085,11096,40127
1086,11085,40069
1087,5311,40007
1088,13279,40063
1089,120749,40031
1090,22194,40001
1091,43143,40137
1092,48111,40019
1093,5712,40055
1094,19596,40091
1095,14073,40099
1096,31127,40115
1097,81289,40145
1098,28762,40015
1099,67997,40101
1100,47995,40013
1101,220944,41029
1102,7199,41023
1103,418187,41005
1104,27036,41057
1105,87487,41033
1106,77950,41059
1107,52354,41009
1108,26682,41065
1109,9172,13209
1110,90896,13247
1111,7855,13309
1112,19234,13011
1113,128331,13059
1114,85292,13127
1115,72977,13157
1116,28735,13169
1117,195769,13215
1118,6621,13259
1119,7985,13287
1120,8165,13003
1121,3038,13007
1122,10803,13043
1123,119992,13045
1124,22372,13081
1125,760141,13067
1126,16116,13083
1127,15457,13027
1128,19194,13105
1129,8676,13165
1130,111744,13217
1131,45600,13071
1132,292256,13063
1133,204441,13139
1134,167417,15009
1135,4531,16071
1136,18112,16045
1137,4294,16003
1138,24412,16053
1139,3838,16061
1140,11823,16073
1141,12245,16021
1142,7155,16029
1143,87808,16005
1144,119062,16019
1145,229849,16027
1146,40108,16057
1147,194672,17167
1148,31782,17157
1149,50643,17141
1150,33658,17137
1151,13537,17193
1152,6646,17071
1153,171517,17113
1154,20916,17145
1155,141879,17161
1156,11520,17185
1157,10766,17035
1158,21235,17085
1159,15678,17101
1160,11438,17123
1161,32304,17021
1162,56750,17077
1163,179179,17143
1164,16344,17147
1165,5342,17175
1166,16426,17005
1167,14305,17015
1168,21773,17083
1169,325690,24027
1170,909327,24033
1171,579234,24003
1172,827370,24005
1173,259547,24021
1174,92525,24009
1175,29014,24023
1176,19422,24029
1177,1050688,24031
1178,18386,02050
1179,9832,02185
1180,8493,02220
1181,96849,02090
1182,13901,02130
1183,108317,02170
1184,10004,02180
1185,4916,02070
1186,579,02282
1187,1592,02164
1188,6893,02240
1189,288000,02020
1190,3337,02013
1191,9202,02261
1192,58708,02122
1193,1183,02230
1194,6203,02198
1195,3266,02195
1196,8314,02158
1197,4485414,04013
1198,38837,04009
1199,46498,04023
1200,21108,04012
1201,212181,04015
1202,143476,04005
1203,235099,04025
1204,9498,04011
1205,462789,04021
1206,8252,05099
1207,16419,05037
1208,7009,05039
1209,23457,05027
1210,122437,05125
1211,16545,05141
1212,13629,05065
1213,37825,05063
1214,21466,05083
1215,18265,05053
1216,17715,05047
1217,10718,05109
1218,66824,05069
1219,8986,05097
1220,10281,05127
1221,127827,05131
1222,63257,05033
1223,10118,05017
1224,26578,05071
1225,8857,05077
1226,33253,19125
1227,21965,19183
1228,12562,19197
1229,12836,19029
1230,11235,19035
1231,16820,19047
1232,38967,19057
1233,19650,19065
1234,14049,19085
1235,14813,19109
1236,15109,19129
1237,8615,19133
1238,42664,19139
1239,5958,19143
1240,490161,19153
1241,35904,19187
1242,97117,19169
1243,103107,19193
1244,131228,19013
1245,12232,19075
1246,20681,19105
1247,10586,19131
1248,9917,19137
1249,9721,19161
1250,25177,19149
1251,21175,19019
1252,46429,19045
1253,7870,19053
1254,18295,19101
1255,13687,19005
1256,226706,19113
1257,93453,19049
1258,13753,19141
1259,2006,20187
1260,4033,20119
1261,31829,20125
1262,9164,20151
1263,2530,20153
1264,7858,20003
1265,6102,20053
1266,31670,20061
1267,33619,20057
1268,6856,20167
1269,9707,20117
1270,12369,20001
1271,2657,20023
1272,34908,20035
1273,2530,20049
1274,25544,20059
1275,1794,20083
1276,2879,20089
1277,9537,20159
1278,4156,20185
1279,15949,20139
1280,8179,20031
1281,38818,20037
1282,5982,20073
1283,168447,24013
1284,50381,24035
1285,113510,24037
1286,163257,24017
1287,31929,24019
1288,151049,24043
1289,103609,24045
1290,102855,24015
1291,33406,24011
1292,803907,25025
1293,17332,25007
1294,1611699,25017
1295,565217,25005
1296,466372,25013
1297,789034,25009
1298,70180,25011
1299,830622,25027
1300,160830,25015
1301,37349,26033
1302,150500,26115
1303,1257584,26125
1304,45605,26059
1305,173566,26121
1306,21761,26089
1307,87607,26087
1308,41170,26151
1309,2116,26083
1310,5720,26131
1311,291830,26139
1312,10405,26001
1313,64697,26067
1314,18038,26079
1315,153401,26021
1316,20997,26129
1317,33631,26165
1318,14029,26039
1319,25239,26043
1320,30981,26063
1321,292406,26065
1322,29144,26105
1323,22780,26109
1324,15118,26113
1325,60964,26149
1326,75677,26159
1327,14883,26011
1328,61550,26015
1329,11066,26071
1330,17766,26019
1331,8094,26153
1332,1749343,26163
1333,93088,26055
1334,10799,26097
1335,405813,26049
1336,19618,20099
1337,516042,20173
1338,4636,20157
1339,2482,20065
1340,122259,20045
1341,2521,20179
1342,5988,20069
1343,10177,46121
1344,14177,46102
1345,22425,53039
1346,75061,53027
1347,4488,53069
1348,97733,53025
1349,822083,53061
1350,12573,54089
1351,34662,54025
1352,26868,54057
1353,15907,54041
1354,8247,54075
1355,28695,54083
1356,5821,54105
1357,8508,54015
1358,105612,54061
1359,15065,54103
1360,178124,54039
1361,33432,54077
1362,9554,54085
1363,20409,54043
1364,13957,54007
1365,21457,54005
1366,20394,54109
1367,45368,55033
1368,51439,55043
1369,115340,55117
1370,4556,55078
1371,13031,55011
1372,118016,55063
1373,135692,55073
1374,29649,55121
1375,87839,55027
1376,22195,55125
1377,78981,55071
1378,15414,55013
1379,27668,55029
1380,103403,55039
1381,7287,55091
1382,17252,55103
1383,24443,55137
1384,16665,55065
1385,42754,55093
1386,50089,55015
1387,169561,55059
1388,8445,56019
1389,1518,20199
1390,2648,20017
1391,5485,20189
1392,3583,20183
1393,7150,20067
1394,23324,26009
1395,35684,26061
1396,191995,26093
1397,25127,26069
1398,11853,26085
1399,24558,26101
1400,13171,20085
1401,7152,20095
1402,2794,20109
1403,10231,20131
1404,24383,20149
1405,165429,20209
1406,19939,20021
1407,66911,20015
1408,8002,20027
1409,2962,20105
1410,54224,20169
1411,22836,20191
1412,2803,20195
1413,6931,20197
1414,8525,20205
1415,5979,20123
1416,3421,20141
1417,16073,20005
1418,36467,20055
1419,2539,20075
1420,81758,20103
1421,5406,20201
1422,2119,20203
1423,2587,20129
1424,5361,20137
1425,25779,20009
1426,8786,20029
1427,2798,20047
1428,1535,20101
1429,3036,20165
1430,11884,20115
1431,16007,20133
1432,5704,20143
1433,74232,20161
1434,4427,20007
1435,18466,20041
1436,19043,20087
1437,35098,21089
1438,14581,21069
1439,26797,21043
1440,25069,21081
1441,766757,21111
1442,27102,21141
1443,17070,21161
1444,14590,21191
1445,2108,21201
1446,19351,21215
1447,12500,21011
1448,7888,21007
1449,30060,21021
1450,10941,21087
1451,26010,21095
1452,11195,21159
1453,24549,21137
1454,10650,21171
1455,23994,21183
1456,14381,21225
1457,12942,21233
1458,40482,48249
1459,7287,48111
1460,9328,26119
1461,12592,26141
1462,25449,26051
1463,265066,26077
1464,43453,26107
1465,66699,26103
1466,48980,26123
1467,23460,26133
1468,24668,26137
1469,134159,26025
1470,25276,26031
1471,6229,26095
1472,656955,26081
1473,190539,26145
1474,68122,26155
1475,103126,26017
1476,26143,26029
1477,35784,26041
1478,33415,26047
1479,12229,27071
1480,33386,27097
1481,14119,27113
1482,36649,27147
1483,6207,27167
1484,15886,27001
1485,13653,27043
1486,8194,27101
1487,43199,27067
1488,10641,27075
1489,9315,27133
1490,15165,27135
1491,3259,27155
1492,34423,27005
1493,1265843,27053
1494,25008,27015
1495,11800,27023
1496,8818,27029
1497,46340,27049
1498,40596,27059
1499,9846,27063
1500,40062,27099
1501,29579,27115
1502,158293,27109
1503,13682,27159
1504,40889,27009
1505,30281,27047
1506,45130,27061
1507,11249,27121
1508,9805,27149
1509,9266,27151
1510,11196,27033
1511,149013,27139
1512,21627,27157
1513,9126,27117
1514,6375,27107
1515,34274,27103
1516,811688,48157
1517,1536,48235
1518,21358,48489
1519,12728,48115
1520,18443,48051
1521,362294,48355
1522,12514,48379
1523,3452,48385
1524,1291,48431
1525,5926,48065
1526,19717,48161
1527,3933,48197
1528,1546,48045
1529,88219,48291
1530,169,48301
1531,17074,48395
1532,54406,48401
1533,14651,48455
1534,23112,48019
1535,7306,48075
1536,156209,48091
1537,22968,48225
1538,50113,48349
1539,16703,48415
1540,1350,48433
1541,88723,48021
1542,32565,48025
1543,4797,48103
1544,58191,50021
1545,28892,50017
1546,55062,50027
1547,636235,49049
1548,19938,49013
1549,35734,49047
1550,355481,49011
1551,10012,49015
1552,5051,49017
1553,37109,51093
1554,7967,51620
1555,7446,51678
1556,50557,51089
1557,17148,51101
1558,37591,51109
1559,22802,51147
1560,81948,51165
1561,39001,21035
1562,16159,21045
1563,70461,21047
1564,101511,21059
1565,26427,21085
1566,45210,21101
1567,16126,21103
1568,44686,21107
1569,13329,21109
1570,60813,21125
1571,31100,21157
1572,28572,21163
1573,28157,21173
1574,7269,21181
1575,66799,21185
1576,38141,27041
1577,5972,27051
1578,4298,27069
1579,28887,27079
1580,10901,21187
1581,16695,21203
1582,57004,21209
1583,132896,21227
1584,21315,21003
1585,19788,21017
1586,81676,21029
1587,8806,21055
1588,5969,21075
1589,14806,21119
1590,6489,21165
1591,30622,21177
1592,25758,21193
1593,7157,21237
1594,19901,21051
1595,26032,21013
1596,6614,21057
1597,37266,21083
1598,7403,21129
1599,12879,21031
1600,12150,21061
1601,18886,21097
1602,8303,21023
1603,46233,21179
1604,20333,21231
1605,19273,21155
1606,14651,21221
1607,133581,21015
1608,54115,21113
1609,31145,21121
1610,21553,21133
1611,9194,21139
1612,57876,21195
1613,49024,21211
1614,22747,21005
1615,20477,21027
1616,50991,21073
1617,17231,21147
1618,92987,21151
1619,10071,21169
1620,4415,21189
1621,18572,21213
1622,36263,21049
1623,12294,21219
1624,10631,21041
1625,10218,21053
1626,8869,21077
1627,20122,22083
1628,5527,27087
1629,56579,27025
1630,15170,27127
1631,9709,27173
1632,24664,27153
1633,47188,27007
1634,67653,27013
1635,18600,27055
1636,6623,27073
1637,3740,27077
1638,58746,27111
1639,18612,27161
1640,199070,27137
1641,356921,27003
1642,161075,27145
1643,429021,27037
1644,25474,27083
1645,9336,27089
1646,14548,27129
1647,262440,27163
1648,5463,27031
1649,3959,29103
1650,11551,29139
1651,29025,29207
1652,25388,29007
1653,293086,29077
1654,9397,29185
1655,4660,29197
1656,46305,29029
1657,225081,29099
1658,17076,29143
1659,10309,29173
1660,11402,30017
1661,1682,30075
1662,11004,30085
1663,2337,30051
1664,10803,30083
1665,4736,30101
1666,1690,30019
1667,2007,30045
1668,9140,30023
1669,1664,30055
1670,8937,30087
1671,8613,30021
1672,6237,30007
1673,3954,30071
1674,465,31009
1675,1794,31049
1676,748,31113
1677,5003,31169
1678,31363,31001
1679,5192,31011
1680,53431,22099
1681,47429,22115
1682,13904,22127
1683,440059,22033
1684,23884,22085
1685,25627,22003
1686,10951,22065
1687,31368,22053
1688,21096,22093
1689,22389,22043
1690,15568,22125
1691,432493,22051
1692,20733,01099
1693,32924,01079
1694,164542,01081
1695,29709,01093
1696,19930,01107
1697,12427,01119
1698,658573,01073
1699,12589,01023
1700,31362,01059
1701,18863,01091
1702,57961,01113
1703,26196,01019
1704,37049,01039
1705,13772,01041
1706,37196,01047
1707,92729,01077
1708,9726,01085
1709,18068,01087
1710,98915,01083
1711,217702,01117
1712,23629,01133
1713,223234,01003
1714,81209,01051
1715,51626,01071
1716,79978,01121
1717,16326,01129
1718,13235,01027
1719,119679,01103
1720,33114,01109
1721,55241,01033
1722,49172,01045
1723,14651,01065
1724,71513,01049
1725,36633,01053
1726,22722,01111
1727,413210,01097
1728,8923,01105
1729,14910,01029
1730,12067,01035
1731,24686,01005
1732,22394,01007
1733,113605,01015
1734,23622,01025
1735,16302,01057
1736,1357,31149
1737,3001,31163
1738,37497,22011
1739,13241,22013
1740,127039,22015
1741,6973,22023
1742,19135,22037
1743,42837,22095
1744,23197,22075
1745,153279,22073
1746,46194,22117
1747,82124,22097
1748,62045,22001
1749,49348,22101
1750,260419,22103
1751,22108,22111
1752,240204,22017
1753,126604,22005
1754,244390,22055
1755,69830,22045
1756,46742,22061
1757,10132,22091
1758,38340,22119
1759,27463,22031
1760,32511,22047
1761,140789,22063
1762,24874,22067
1763,390144,22071
1764,110461,22109
1765,203436,22019
1766,15670,22027
1767,40144,22009
1768,15744,22049
1769,21730,22077
1770,53100,22089
1771,97614,22057
1772,4334,22107
1773,14892,22059
1774,34634,23015
1775,39715,23027
1776,16785,23021
1777,67055,23003
1778,31379,23029
1779,39772,23013
1780,35856,23023
1781,122302,23011
1782,30199,23007
1783,54987,23009
1784,593490,24510
1785,25616,24039
1786,255441,24025
1787,70416,24001
1788,6445,31093
1789,1990,31073
1790,187196,31153
1791,1919,31015
1792,5462,31059
1793,682,31091
1794,17284,31159
1795,3487,31181
1796,8016,31023
1797,463,31005
1798,21513,31067
1799,6495,31099
1800,35099,31119
1801,9034,31137
1802,9385,31179
1803,8332,31107
1804,7755,31121
1805,2613,31133
1806,783,31183
1807,5532,32015
1808,873,32009
1809,4505,32021
1810,5183,32017
1811,471519,32031
1812,55916,32510
1813,151391,33013
1814,61303,33001
1815,130633,33017
1816,618795,34025
1817,140488,34037
1818,798975,34013
1819,291636,34015
1820,501826,34031
1821,932202,34003
1822,105267,34041
1823,445349,34005
1824,23709,35029
1825,32723,35055
1826,11941,35007
1827,625,35021
1828,8253,35037
1829,10417,28103
1830,28321,28137
1831,34192,28107
1832,12108,28161
1833,10354,19189
1834,11454,19165
1835,12426,19007
1836,16184,19095
1837,15107,19145
1838,19991,19191
1839,93206,19155
1840,39369,19127
1841,26234,19015
1842,19620,19021
1843,9158,19089
1844,10689,19077
1845,9558,19091
1846,16338,19121
1847,83728,72061
1848,29454,72053
1849,24814,72007
1850,39218,72065
1851,21209,72133
1852,71530,72097
1853,48025,72119
1854,26161,72011
1855,23121,72033
1856,15383,72055
1857,24553,72087
1858,37007,72085
1859,50023,72145
1860,6624,05073
1861,17782,05107
1862,21341,05149
1863,10763,05011
1864,19964,05113
1865,23382,05103
1866,12259,05081
1867,43257,05091
1868,78753,05145
1869,64386,06033
1870,78668,06115
1871,30573,06035
1872,494336,06097
1873,181215,06025
1874,1671329,06001
1875,137744,06055
1876,3005,06091
1877,220500,06113
1878,99755,06057
1879,86749,06045
1880,10039107,06037
1881,1927852,06085
1882,43539,06093
1883,27812,06015
1884,20356,08015
1885,60061,08045
1886,582881,08059
1887,6324,08103
1888,8205,08021
1889,517421,08001
1890,55127,08037
1891,13283,08081
1892,1831,08017
1893,226486,01101
1894,96774,01095
1895,57826,01009
1896,17205,01067
1897,372909,01089
1898,55869,01001
1899,40367,01123
1900,26271,01061
1901,10373,01131
1902,5634,02016
1903,836,02060
1904,12998,02150
1905,7621,02188
1906,53794,47107
1907,34375,47117
1908,33167,47143
1909,22068,47151
1910,76978,47001
1911,18523,47049
1912,49133,47053
1913,25050,47069
1914,54068,47105
1915,332285,47149
1916,20157,47159
1917,144657,47189
1918,17883,47171
1919,19572,35027
1920,64615,35005
1921,71070,35025
1922,150358,35049
1923,4059,35059
1924,10791,35051
1925,16637,35053
1926,18500,35041
1927,218195,35013
1928,19369,35028
1929,38921,35039
1930,27277,35047
1931,76688,35061
1932,15461,35057
1933,679121,35001
1934,67490,35035
1935,26675,35006
1936,1748,35011
1937,4300,35019
1938,3527,35003
1939,1418207,36005
1940,460528,36067
1941,80485,36019
1942,34016,36099
1943,98320,36079
1944,61319,36043
1945,109777,36069
1946,95379,36101
1947,4416,36041
1948,126903,36013
1949,2559903,36047
1950,48203,36107
1951,40352,36073
1952,229863,36091
1953,59461,36021
1954,26296,36049
1955,967506,36119
1956,44135,36025
1957,49221,36057
1958,476143,36085
1959,107740,36089
1960,102180,36109
1961,63944,36113
1962,47581,36023
1963,294218,36027
1964,8393,56031
1965,30485,56033
1966,11790,56003
1967,7584,56011
1968,29194,56029
1969,38880,56001
1970,14800,56007
1971,13211,56015
1972,20226,56041
1973,7805,56043
1974,4413,56017
1975,39261,56013
1976,9831,56035
1977,6927,56045
1978,22108,72009
1979,38155,72077
1980,22010,72079
1981,17363,72001
1982,30504,72027
1983,25761,72103
1984,27349,72105
1985,81966,72013
1986,17238,72015
1987,22918,72115
1988,39465,72057
1989,1714,72049
1990,47093,72063
1991,23727,72017
1992,33575,72153
1993,50265,72005
1994,47515,72023
1995,16211,72109
1996,21372,72149
1997,146984,72031
1998,42409,72035
1999,50653,72069
2000,30335,72101
2001,63674,72139
2002,37287,72091
2003,19249,72111
2004,13656,72117
2005,30227,72125
2006,35528,72131
2007,741770,36055
2008,228671,36065
2009,177573,36111
2010,83456,36015
2011,62914,36051
2012,59493,36077
2013,47188,36039
2014,305506,36001
2015,46091,36003
2016,76117,36009
2017,70941,36053
2018,155299,36093
2019,57280,36037
2020,24913,36123
2021,21069,37079
2022,14964,37121
2023,13943,37041
2024,11137,37005
2025,82178,37027
2026,159551,37035
2027,97947,37045
2028,102139,37049
2029,51472,37065
2030,60443,37077
2031,135976,37085
2032,55234,37093
2033,117417,37089
2034,4937,37095
2035,181806,37097
2036,1110356,37119
2037,19483,37131
2038,180742,37147
2039,142088,37159
2040,44535,37181
2041,28612,37039
2042,27763,37053
2043,239859,37179
2044,68412,37193
2045,94298,37127
2046,37497,37003
2047,37009,37055
2048,19731,37185
2049,81801,37195
2050,11562,37073
2051,8441,37075
2052,21755,37115
2053,12726,37137
2054,20724,37149
2055,143667,37151
2056,45591,37169
2057,11580,37187
2058,11231,37043
2059,335509,37051
2060,537174,37081
2061,43938,37099
2062,39824,37139
2063,130625,37155
2064,14271,37173
2065,1111761,37183
2066,24446,37007
2067,45756,37111
2068,69685,37069
2069,9419,37103
2070,35858,37113
2071,142820,37019
2072,34385,37175
2073,46994,37013
2074,55508,37047
2075,86111,37109
2076,27173,37123
2077,148476,37135
2078,44829,37153
2079,63531,37163
2080,71783,37171
2081,17557,37011
2082,261191,37021
2083,216453,37025
2084,22604,37033
2085,42846,37059
2086,167609,37057
2087,58741,37061
2088,321488,37063
2089,23677,37091
2090,61779,37105
2091,234473,37129
2092,63060,37141
2093,123131,37191
2094,34823,37165
2095,56177,37189
2096,50010,37083
2097,169509,37001
2098,4016,37177
2099,31489,38089
2100,3834,38103
2101,2115,38013
2102,10545,38061
2103,37589,38105
2104,928,38007
2105,2480,38043
2106,3762,38019
2107,2274,38037
2108,5745,38049
2109,1890,38091
2110,6832,38005
2111,4046,38045
2112,31364,38059
2113,4424,38025
2114,2497,38051
2115,2879,38063
2116,14176,38079
2117,10641,38099
2118,6282,38009
2119,10415,38003
2120,69451,38035
2121,15024,38053
2122,9450,38055
2123,3975,38069
2124,2327,38075
2125,3024,38011
2126,95626,38015
2127,1850,38047
2128,1959,38065
2129,20704,38093
2130,11519,38071
2131,3210,38031
2132,2231,38039
2133,1315,38083
2134,750,38087
2135,58988,39159
2136,27772,39131
2137,18672,39125
2138,817473,39061
2139,1316756,39049
2140,65093,39101
2141,91987,39157
2142,115710,39169
2143,43432,39015
2144,383134,39017
2145,15040,39067
2146,62322,39083
2147,176862,39089
2148,121154,39139
2149,13085,39163
2150,26914,39019
2151,75783,39063
2152,206428,39025
2153,157574,39045
2154,38087,39039
2155,43161,39071
2156,27006,39069
2157,65325,39081
2158,162466,39133
2159,33861,39137
2160,67006,39013
2161,41968,39027
2162,28525,39047
2163,36134,39127
2164,58457,39129
2165,44731,39097
2166,86215,39119
2167,58518,39143
2168,28275,39161
2169,59911,39167
2170,45656,39011
2171,51113,39037
2172,40525,39123
2173,31365,39065
2174,32413,39079
2175,58266,39077
2176,65327,39009
2177,27698,39001
2178,179746,39103
2179,428348,39095
2180,14424,39121
2181,169269,72021
2182,44674,72029
2183,18648,72045
2184,44679,72075
2185,7927,72083
2186,32293,72047
2187,10321,72095
2188,131881,72113
2189,72025,72135
2190,74271,72137
2191,8386,72147
2192,32282,72151
2193,36694,72003
2194,124606,72025
2195,38307,72041
2196,38336,72043
2197,36141,72051
2198,17665,72089
2199,27725,72019
2200,20220,72107
2201,35989,72129
2202,10904,72037
2203,15808,72039
2204,40423,72071
2205,13891,72073
2206,24276,72081
2207,318441,72127
2208,36061,72143
2209,5430,72093
2210,55178,39147
2211,370606,39151
2212,36600,39031
2213,209177,39041
2214,93649,39055
2215,28264,39073
2216,230149,39085
2217,76666,39141
2218,1235072,39035
2219,43960,39075
2220,106987,39109
2221,13654,39111
2222,197974,39155
2223,130817,39173
2224,53484,39005
2225,4891,40043
2226,3688,40059
2227,48011,40083
2228,651552,40143
2229,51527,40147
2230,2653,40057
2231,12627,40061
2232,38465,40111
2233,46963,40113
2234,6002,40067
2235,61056,40047
2236,27711,40049
2237,43654,40121
2238,38284,40123
2239,3583,40129
2240,20211,40153
2241,48657,40021
2242,43009,40041
2243,3859,40045
2244,55834,40051
2245,81784,40119
2246,72592,40125
2247,71522,40037
2248,7250,40141
2249,10916,40149
2250,5666,40033
2251,8708,40075
2252,49853,40079
2253,32832,40089
2254,7629,40093
2255,41100,40097
2256,797434,40109
2257,29003,40039
2258,10253,40085
2259,21859,40009
2260,14672,40023
2261,24530,40065
2262,34877,40081
2263,16376,40117
2264,24258,40133
2265,2137,40025
2266,9429,40011
2267,5495,40029
2268,4333,40053
2269,15765,40073
2270,40474,40087
2271,16931,40095
2272,11131,40103
2273,10076,40105
2274,92459,40131
2275,41569,40135
2276,5702,40003
2277,8793,40151
2278,284014,40027
2279,11993,40107
2280,13758,40005
2281,26835,41061
2282,347818,41047
2283,110980,41019
2284,24658,41031
2285,86085,41053
2286,197692,41017
2287,129749,41043
2288,107100,41071
2289,16124,41001
2290,68238,41035
2291,49962,41041
2292,93053,41003
2293,24404,41013
2294,1780,41055
2295,7393,41025
2296,30571,41045
2297,7208,41063
2298,1332,41069
2299,11603,41049
2300,64487,41011
2301,22925,41015
2302,1912,41021
2303,23382,41027
2304,7869,41037
2305,812855,41051
2306,55809,42103
2307,40372,42109
2308,40328,42115
2309,84629,42039
2310,269728,42049
2311,14530,42057
2312,24763,42067
2313,141359,42107
2314,26794,42131
2315,103009,42001
2316,64735,42005
2317,38632,42035
2318,64182,42025
2319,162385,42027
2320,90843,42097
2321,305285,42095
2322,50668,42121
2323,163929,42007
2324,209674,42069
2325,40625,42083
2326,129274,42051
2327,830915,42091
2328,79255,42033
2329,141793,42075
2330,113299,42081
2331,18230,42093
2332,39191,42123
2333,187853,42019
2334,29910,42047
2335,545724,42071
2336,109424,42085
2337,16526,42105
2338,40591,42117
2339,82082,44005
2340,638931,44007
2341,48479,44001
2342,170872,45003
2343,8688,45005
2344,27260,45037
2345,32244,45023
2346,37677,45029
2347,30657,45067
2348,298750,45063
2349,79546,45073
2350,227907,45015
2351,411406,45019
2352,62680,45043
2353,26118,45069
2354,202558,45007
2355,45650,45025
2356,70811,45047
2357,354081,45051
2358,66551,45055
2359,86175,45075
2360,319785,45083
2361,14066,45009
2362,192122,45013
2363,14553,45017
2364,30479,45033
2365,20473,45081
2366,415759,45079
2367,22347,45039
2368,19222,45049
2369,523542,45045
2370,98012,45057
2371,162809,45035
2372,138293,45041
2373,67493,45059
2374,9463,45065
2375,126884,45077
2376,27316,45087
2377,30368,45089
2378,2751,46003
2379,7052,46051
2380,5441,46123
2381,2756,46137
2382,6376,46115
2383,6901,46009
2384,35077,46011
2385,6713,46047
2386,6164,46057
2387,3344,46071
2388,8972,46033
2389,1301,46069
2390,2299,46049
2391,7291,46067
2392,5435,46129
2393,1962,46017
2394,5424,46037
2395,2921,46043
2396,1298,46063
2397,2379,46089
2398,10394,46109
2399,1391,46119
2400,61128,46083
2401,12797,46079
2402,25844,46081
2403,28009,46029
2404,10429,46019
2405,4086,46031
2406,3829,46045
2407,1376,46021
2408,3365,46007
2409,1899,46055
2410,903,46075
2411,28332,46093
2412,8384,46125
2413,38839,46013
2414,3453,46061
2415,5586,46087
2416,2061,46095
2417,6576,46101
2418,113775,46103
2419,15932,46127
2420,2216,46097
2421,22582,53003
2422,19983,53001
2423,2225,53023
2424,66768,53045
2425,129205,53057
2426,45723,53065
2427,522798,53063
2428,10939,53043
2429,77200,53007
2430,32221,53031
2431,271473,53035
2432,2252782,53033
2433,22471,53049
2434,13724,53051
2435,17582,53055
2436,12083,53059
2437,50104,53075
2438,250873,53077
2439,77331,53009
2440,110593,53015
2441,7627,53019
2442,80707,53041
2443,43429,53017
2444,85141,53029
2445,904980,53053
2446,95222,53021
2447,60760,53071
2448,229247,53073
2449,11568,54023
2450,23175,54027
2451,21939,54009
2452,8448,54017
2453,13776,54031
2454,56072,54049
2455,23424,54059
2456,28810,54029
2457,30531,54051
2458,24496,54067
2459,6839,54093
2460,8591,54095
2461,13688,54087
2462,16695,54091
2463,83518,54107
2464,7823,54021
2465,26516,54053
2466,13275,54063
2467,7460,54073
2468,91945,54011
2469,57146,54037
2470,32019,54045
2471,6969,54071
2472,67256,54033
2473,41411,54069
2474,7109,54013
2475,17884,54065
2476,73361,54081
2477,56450,54079
2478,16441,54001
2479,17624,54047
2480,39402,54099
2481,28576,54035
2482,58758,54055
2483,24176,54097
2484,8114,54101
2485,119171,54003
2486,42406,54019
2487,5687,55051
2488,34774,55019
2489,90687,55109
2490,37930,55083
2491,27593,55069
2492,50990,55135
2493,45244,55005
2494,16558,55113
2495,18913,55047
2496,13351,55099
2497,15574,55077
2498,40350,55075
2499,945726,55079
2500,5930,29205
2501,39592,29225
2502,5143,29005
2503,16172,29013
2504,19443,29015
2505,5982,29035
2506,7561,29057
2507,196311,55101
2508,171907,55139
2509,9004,55041
2510,36960,55045
2511,14178,55107
2512,40899,55115
2513,19189,55067
2514,187885,55087
2515,30822,55123
2516,57532,55021
2517,20434,55061
2518,264542,55009
2519,104646,55035
2520,35595,55085
2521,43783,55095
2522,15720,55129
2523,404198,55133
2524,103868,55127
2525,16131,55023
2526,26687,55057
2527,64442,55111
2528,136034,55131
2529,64658,55017
2530,546695,55025
2531,43150,55031
2532,20643,55053
2533,23678,55049
2534,89221,55089
2535,70772,55097
2536,163354,55105
2537,20343,55119
2538,20220,55001
2539,15036,55007
2540,46253,55081
2541,72999,55141
2542,15562,55003
2543,4295,55037
2544,84769,55055
2545,46341,56005
2546,19830,56023
2547,79858,56025
2548,13822,56009
2549,2356,56027
2550,42343,56037
2551,41277,47177
2552,129375,47179
2553,33328,47183
2554,16160,47005
2555,15064,47007
2556,39842,47013
2557,14678,47015
2558,8201,47083
2559,96387,47119
2560,51353,48373
2561,6948,48391
2562,56590,48467
2563,43664,48055
2564,12769,48487
2565,5771,48317
2566,11920,29115
2567,40117,29091
2568,54062,29101
2569,35723,29105
2570,8697,29125
2571,44573,29161
2572,104418,29165
2573,67215,29187
2574,300576,29510
2575,17712,29003
2576,42478,29023
2577,8679,29033
2578,8278,29061
2579,4403,29087
2580,28530,29127
2581,13615,29151
2582,13288,29181
2583,35649,29219
2584,24730,29221
2585,88595,29043
2586,12547,29063
2587,8352,29081
2588,32708,29107
2589,25343,29001
2590,4902,29199
2591,6089,29211
2592,6797,29045
2593,121328,29097
2594,9776,29111
2595,22837,29119
2596,19136,29157
2597,32149,29167
2598,23018,29177
2599,16484,30041
2600,5635,30015
2601,19980,30053
2602,16606,30067
2603,696,30103
2604,6681,30005
2605,3737,30097
2606,6147,30099
2607,1077,30079
2608,13753,30035
2609,2846,30025
2610,821,30037
2611,34915,30093
2612,9642,30095
2613,12221,30043
2614,3379,30039
2615,2126,30107
2616,8600,30057
2617,3309,30091
2618,1252,30011
2619,13319,30003
2620,30458,30047
2621,69432,30049
2622,5911,30073
2623,161300,30111
2624,119600,30063
2625,8713,48501
2626,33406,48189
2627,25274,48419
2628,12023,48387
2629,10264,48399
2630,3776,48435
2631,119200,48451
2632,92084,48469
2633,41556,48481
2634,132230,48485
2635,654,48033
2636,9854,48315
2637,58722,48323
2638,136212,48181
2639,12207,48297
2640,29189,48363
2641,15601,48255
2642,20160,48123
2643,13943,48059
2644,30026,48067
2645,123945,48183
2646,14284,48313
2647,310569,48303
2648,136154,48257
2649,47431,48259
2650,5712,48153
2651,7000,48017
2652,43837,48071
2653,362924,48027
2654,423163,48061
2655,18546,48117
2656,839238,48141
2657,7520,48283
2658,776,48443
2659,21672,48457
2660,5056,48483
2661,8553,48009
2662,9203,48043
2663,868707,48215
2664,232751,48423
2665,3464,48105
2666,5658,48207
2667,36664,48227
2668,4873,48333
2669,19818,48337
2670,23194,48365
2671,10542,48403
2672,3022,48421
2673,7397,48437
2674,98594,48231
2675,13094,48063
2676,5399,48195
2677,166847,48187
2678,10471,48077
2679,5576,48205
2680,3849,48383
2681,36649,48217
2682,23437,48293
2683,65204,48347
2684,9605,48369
2685,142878,48367
2686,43806,30081
2687,7396,30105
2688,81366,30013
2689,11050,30027
2690,1258,30033
2691,4397,30061
2692,487,30069
2693,6890,30077
2694,12113,30089
2695,969,30109
2696,114434,30031
2697,1862,30059
2698,10725,30009
2699,9453,30001
2700,103806,30029
2701,4633,30065
2702,3380,31083
2703,13679,31185
2704,49659,31019
2705,10709,31037
2706,2762,31087
2707,33470,31141
2708,5213,31143
2709,10783,31013
2710,2955,31017
2711,5246,31161
2712,319090,31109
2713,4148,31129
2714,745,31007
2715,2627,31063
2716,571327,31055
2717,7865,31147
2718,10067,31089
2719,4676,31065
2720,14224,31151
2721,7224,31173
2722,20729,31177
2723,5689,31031
2724,36565,31053
2725,1837,31069
2726,4642,31123
2727,6972,31127
2728,722,31171
2729,20026,31043
2730,6298,31003
2731,3924,31029
2732,6203,31035
2733,10777,31041
2734,2979,31061
2735,9324,31081
2736,7046,31095
2737,8034,31101
2738,664,31115
2739,2891,31135
2740,21578,31155
2741,35618,31157
2742,806,31103
2743,3632,31105
2744,34914,31111
2745,6704,48377
2746,49025,48465
2747,2171,48109
2748,166223,48135
2749,6229,48169
2750,1409,48173
2751,28880,48185
2752,1034730,48085
2753,86715,48005
2754,1398,48101
2755,230191,48209
2756,374264,48039
2757,3278,48129
2758,51153,48013
2759,14714,48353
2760,4886,48229
2761,11998,48475
2762,66553,48203
2763,2138,48327
2764,25346,48149
2765,590551,48491
2766,20938,48233
2767,12388,48343
2768,83396,48361
2769,8010,48495
2770,4713325,48201
2771,48155,48053
2772,26988,48171
2773,2635516,48113
2774,743,48311
2775,18010,48503
2776,175817,48251
2777,37084,48223
2778,9836,48357
2779,3664,48275
2780,256623,48309
2781,2726,48095
2782,1932,48137
2783,18360,48133
2784,2274,48243
2785,5200,48247
2786,607391,48339
2787,10124,48127
2788,276652,48479
2789,1887,48011
2790,7530,48069
2791,30680,48273
2792,41257,48097
2793,5737,48107
2794,3830,48151
2795,11157,48131
2796,11931,48031
2797,35529,48241
2798,251565,48245
2799,3667,48271
2800,2112,48359
2801,12893,48279
2802,3233,48295
2803,7984,48307
2804,4274,48319
2805,2211,48125
2806,7148,31139
2807,1166,31165
2808,6459,31021
2809,26248,31025
2810,8846,31039
2811,5636,31051
2812,1693,31057
2813,623,31075
2814,2356,31077
2815,61353,31079
2816,922,31085
2817,16012,31131
2818,10724,31145
2819,8402,31027
2820,8589,31045
2821,5071,31097
2822,8910,31033
2823,23595,31047
2824,1969,31071
2825,494,31117
2826,3519,31125
2827,5920,31167
2828,4158,31175
2829,24909,32001
2830,48905,32005
2831,6725,32027
2832,2029,32011
2833,16831,32013
2834,9580,32033
2835,52778,32007
2836,46523,32023
2837,4123,32029
2838,2266715,32003
2839,57510,32019
2840,76085,33005
2841,89886,33009
2842,309769,33015
2843,43146,33019
2844,417025,33011
2845,31563,33007
2846,48910,33003
2847,367430,34021
2848,149527,34011
2849,328934,34035
2850,607186,34029
2851,263670,34001
2852,825062,34023
2853,62385,34033
2854,92039,34009
2855,506471,34007
2856,556341,34039
2857,672391,34017
2858,124371,34019
2859,491845,34027
2860,4198,35023
2861,71367,35031
2862,146748,35043
2863,26998,35017
2864,48954,35009
2865,17239,48287
2866,2102515,48439
2867,57735,48001
2868,184826,48139
2869,14760,48239
2870,52600,48265
2871,24823,48331
2872,13635,48093
2873,17297,48145
2874,7093,48047
2875,30032,48015
2876,404,48261
2877,21493,48089
2878,66730,48409
2879,137713,48381
2880,6055,48411
2881,2793,48413
2882,11840,48507
2883,21290,48057
2884,1155,48155
2885,7658,48175
2886,8461,48193
2887,8545,48335
2888,32750,48449
2889,20154,48285
2890,12337,48445
2891,69984,48497
2892,36643,48321
2893,15823,48371
2894,104915,48397
2895,138034,48441
2896,1501,48447
2897,72971,48471
2898,45539,48499
2899,23510,48007
2900,2853,48079
2901,3387,48081
2902,75951,48099
2903,3819,48211
2904,20940,48341
2905,117415,48375
2906,8237,48405
2907,3265,48417
2908,64633,48427
2909,3657,48461
2910,37864,48049
2911,2964,48191
2912,10725,48159
2913,20306,48163
2914,21428,48281
2915,27037,50019
2916,7235,50013
2917,163774,50007
2918,25362,50015
2919,49402,50011
2920,29993,50005
2921,42222,50025
2922,35470,50003
2923,36777,50001
2924,6163,50009
2925,58460,35015
2926,4521,35033
2927,123958,35045
2928,8259,28009
2929,7713,28037
2930,22124,28027
2931,16383,28061
2932,68098,28067
2933,14286,28147
2934,35252,28095
2935,32174,28115
2936,17010,28051
2937,12297,28005
2938,106272,28089
2939,14361,28013
2940,24573,28091
2941,19383,28141
2942,20183,28153
2943,13586,28041
2944,35294,28093
2945,6792,28119
2946,55535,28109
2947,22786,28079
2948,29118,28099
2949,155271,28121
2950,43909,28151
2951,12586,28077
2952,11973,28111
2953,17103,28017
2954,9947,28015
2955,24500,28039
2956,20758,28043
2957,6990,28063
2958,21018,28101
2959,25126,28117
2960,4321,28125
2961,8210,28019
2962,47632,28045
2963,23390,28057
2964,1327,28055
2965,143617,28059
2966,28183,28083
2967,9632,28143
2968,8988,28021
2969,208080,28047
2970,74125,28075
2971,34153,28085
2972,26658,28127
2973,17955,28159
2974,18174,28007
2975,63343,28073
2976,85436,28081
2977,13809,28135
2978,15916,28129
2979,45381,28149
2980,15541,28023
2981,9775,28097
2982,49587,28105
2983,58409,50023
2984,13188,49027
2985,72259,49045
2986,177556,49053
2987,7886,49025
2988,42145,49043
2989,9754,49019
2990,1479,49031
2991,2483,49033
2992,34091,49051
2993,6710,49001
2994,56046,49003
2995,54839,49021
2996,30939,49039
2997,21620,49041
2998,260213,49057
2999,15308,49037
3000,1160437,49035
3001,950,49009
3002,2711,49055
3003,20463,49007
3004,12124,49029
3005,128289,49005
3006,12017,49023
3007,76523,51095
3008,26586,51167
3009,30104,51173
3010,47266,51540
3011,54885,51031
3012,330818,51087
3013,26836,51099
3014,10603,51103
3015,23423,51105
3016,8834,51115
3017,10582,51119
3018,38353,51149
3019,9023,51159
3020,21566,51169
3021,136215,51177
3022,15911,51011
3023,56042,51067
3024,7025,51097
3025,98535,51121
3026,23091,51127
3027,9932,51049
3028,14318,51051
3029,33911,51083
3030,413538,51107
3031,470335,51153
3032,17631,51175
3033,2190,51091
3034,30725,51033
3035,37348,51073
3036,17608,51141
3037,29652,51145
3038,43616,51171
3039,71222,51061
3040,24932,51790
3041,27270,51065
3042,9689,28155
3043,36953,28003
3044,19316,28025
3045,18636,28031
3046,8064,28053
3047,278299,42043
3048,155027,42055
3049,44923,42119
3050,51361,42127
3051,47888,42009
3052,170271,42089
3053,45144,42061
3054,206865,42125
3055,1584064,42101
3056,449058,42133
3057,84073,42063
3058,253370,42041
3059,1216045,42003
3060,348899,42129
3061,7247,42053
3062,121829,42013
3063,85512,42073
3064,60323,42015
3065,130192,42021
3066,524989,42029
3067,421164,42011
3068,46138,42087
3069,3617,29129
3070,18289,29229
3071,249948,29047
3072,15573,29065
3073,22761,29195
3074,2013,29227
3075,9850,29079
3076,20627,29141
3077,6270,29179
3078,994205,29189
3079,31952,29209
3080,35789,29009
3081,180463,29019
3082,76745,29051
3083,23920,29055
3084,10125,29093
3085,15227,29117
3086,16132,29135
3087,15805,29155
3088,42339,29159
3089,8166,29203
3090,24748,29175
3091,29131,29069
3092,103967,29071
3093,10001,29089
3094,703011,29095
3095,25619,29131
3096,4696,29171
3097,55928,29213
3098,87364,29021
3099,9020,29025
3100,18249,51750
3101,28078,51840
3102,32316,51001
3103,5131,51045
3104,15749,51063
3105,16720,51071
3106,15550,51077
3107,15232,51135
3108,7370,51157
3109,6963,51036
3110,52605,51047
3111,28544,51053
3112,19819,51079
3113,107766,51085
3114,12196,51111
3115,37051,51137
3116,5346,51595
3117,28684,51197
3118,244835,51550
3119,53016,51660
3120,109330,51003
3121,78997,51019
3122,17148,51029
3123,37383,51195
3124,5538,51580
3125,94398,51740
3126,449974,51810
3127,14860,51005
3128,6347,51640
3129,18015,51193
3130,12095,51133
3131,34027,51155
3132,40164,51187
3133,40044,51590
3134,29036,51630
3135,31605,51009
3136,4147,51017
3137,22529,51670
3138,179225,51700
3139,89313,51069
3140,82168,51680
3141,68280,51199
3142,12554,51690
3143,14930,51125
3144,60354,51143
3145,6478,51530
3146,14617,51610
3147,31346,51730
3148,12271,51735
3149,24019,51600
3150,22630,51820
3151,99143,51770
3152,92108,51800
3153,242742,51710
3154,13145,51007
3155,352802,51041
3156,1147532,51059
3157,42243,53047
3158,47935,53037
3159,105780,29037
3160,20387,29049
3161,16878,29059
3162,9544,29085
3163,59013,29113
3164,8644,29137
3165,58236,29145
3166,18302,29163
3167,402022,29183
3168,78871,29031
3169,56520,47031
3170,41133,47047
3171,6620,47067
3172,56786,47073
3173,17788,47091
3174,34366,47103
3175,24602,47111
3176,6488,47127
3177,71813,47147
3178,42208,47051
3179,133088,47009
3180,40667,47021
3181,56391,47019
3182,23320,47057
3183,29464,47055
3184,25633,47097
3185,44142,47099
3186,97984,47113
3187,28907,47115
3188,22241,47133
3189,5048,47137
3190,16673,47181
3191,238412,47187
3192,49713,47003
3193,69069,47059
3194,60520,47035
3195,5872,47175
3196,31959,47025
3197,25178,47081
3198,18582,47085
3199,80245,47141
3200,98250,47155
3201,13715,47161
3202,17297,47023
3203,11663,47039
3204,11786,47087
3205,25694,47109
3206,53382,47145
3207,108110,47011
3208,64934,47063
3209,19972,47173
3210,25652,47071
3211,53948,47043
3212,21403,47129
3213,46545,47123
3214,32345,47079
3215,14230,47033
3216,7016,47095
3217,470313,47093
3218,204390,53005
3219,488241,53011
